{
  "Carros": [
    {
      "id": 2
    },
    {
      "id": 4,
      "imagem": "https://auto-floripa-prod.nyc3.digitaloceanspaces.com/car/41331/1-1632526779.jpg",
      "marca": "Volkswagen",
      "modelo": "AMAROK Comfor. CD 2.0 TDI 4x4 Dies. Aut",
      "preco": 258.001,
      "ano": 2022
    },
    {
      "id": 5,
      "imagem": "https://img.olx.com.br/images/26/261235314483313.jpg",
      "marca": "Volkswagen",
      "modelo": "AMAROK CS2.0 16V/S2.0 16V TDI 4x2 Diesel",
      "preco": 92.292,
      "ano": 2014
    },
    {
      "id": 6,
      "imagem": "https://img.olx.com.br/images/94/948202750482242.jpg",
      "marca": "Volkswagen",
      "modelo": "AMAROK CS2.0 1AMAROK CS2.0 16V/S2.0 16V TDI 4x4 Diesel",
      "preco": 155.572,
      "ano": 2020
    },
    {
      "id": 7,
      "imagem": "https://motos-motor.com.br/c/wp-content/uploads/0/precos-tabela-acura-integra-gs-18-1992.jpg",
      "marca": "Acura",
      "modelo": "Integra GS 1.8",
      "preco": 12.227,
      "ano": 1992
    },
    {
      "id": 8,
      "imagem": "https://extra.globo.com/incoming/13252334-f86-089/w976h550-PROP/agrale_marrua_am_200_14.jpg",
      "marca": "Agrale",
      "modelo": "MARRUÁ 2.8 12V 132cv TDI Diesel",
      "preco": 50.741,
      "ano": 2007
    },
    {
      "id": 9,
      "imagem": "https://motos-motor.com.br/c/wp-content/uploads/0/precos-tabela-alfa-romeo-145-elegant-17-18-16v.jpg",
      "marca": "Alfa Romeo",
      "modelo": "145 Elegant 1.7/1.8 16V",
      "preco": 21.547,
      "ano": 1999
    },
    {
      "imagem": "https://github.com/vega/vega/blob/main/docs/data/cars.json",
      "marca": "chevrolet",
      "modelo": "chevrolet 493",
      "preco": "333.33",
      "ano": "2000",
      "id": 10
    },
    {
      "imagem": "test",
      "marca": "testing",
      "modelo": "test",
      "preco": "t323332",
      "ano": "3333",
      "id": 11
    }
  ]
}