{
  "carro": [
      {
          "id": 1,
          "imagem": "https://seminovoscarros.com.br/wp-content/uploads/2016/09/Amarok-1-.jpg",
          "marca": "Volkswagen",
          "modelo": "AMAROK CD2.0 16V/S CD2.0 16V TDI 4x2 Die",
          "preco": 93.209,
          "ano": 2013
      },
      {
          "id": 2,
          "imagem": "https://fotos.jornaldocarro.estadao.com.br/uploads/2019/11/11084753/b2691d86-59e4-4102-8d79-351735209db4-1160x653.jpg",
          "marca": "Volkswagen",
          "modelo": "AMAROK CD2.0 16V/S CD2.0 16V TDI 4x4 Die",
          "preco": 122.621,
          "ano": 2018
      },
      {
          "id": 3,
          "imagem": "https://motos-motor.com.br/c/wp-content/uploads/118/precos-tabela-vw-volkswagen-amarok-comfor-30-v6-tdi-4x4-dies-aut.jpg",
          "marca": "Volkswagen",
          "modelo": "AMAROK Comfor. 3.0 V6 TDI 4x4 Dies. Aut",
          "preco": 279.396,
          "ano": 2022
      },
      {
          "id": 4,
          "imagem": "https://mysterio.yahoo.com/mysterio/api/6422A1B278A70B5D2F5E9FA2A796A6C1BBF40FE025E2CF310964F5C6D62578DD/autoblog/resizefill_w788_h525;quality_80;format_webp;cc_31536000;/https://s.aolcdn.com/commerce/autodata/images/USC60TOT092A021001.jpg",
          "marca": "Toyota",
          "modelo": "Toyota Tamaco Trd Sport V6 4x2 Double Cab 5 ft. box 127.4 in. WB",
          "preco": 258.001,
          "ano": 2021
      },
      {
          "id": 5,
          "imagem": "https://cdn.jdpower.com/ChromeImageGallery/Expanded/White/640/2020NIS10_640/2020NIS100001_640_01.jpg",
          "marca": "Nissan",
          "modelo": "Nissan Amada Platinum V8 Diesel",
          "preco": 92.292,
          "ano": 2021
      },
      {
          "id": 6,
          "imagem": "https://auto-drive.pt/wp-content/uploads/2018/09/84f4f3b8-bmw-x5-xdrive45e-iperformance-1.jpg",
          "marca": "BMW",
          "modelo": "AMAROK CS2.0 1AMAROK 16V/S2.0 TDI 4x4 Diesel",
          "preco": 155.572,
          "ano": 2020
      },
      {
          "id": 7,
          "imagem": "https://www.nissanseijin.com.br/wp-content/uploads/2021/05/hMcSfqCtpq4sckjdQXM2xLjFwIumdbqSMBFauz0i.jpeg",
          "marca": "Nissan",
          "modelo": "Nissan Kicks 1.6 Sense CVT Diesel",
          "preco": 120.227,
          "ano": 2020
      },
      {
          "id": 8,
          "imagem": "https://th.bing.com/th/id/OIP._5huDCoUIw6_0oVIoxfSigHaFj?pid=ImgDet&rs=1",
          "marca": "Range Rover",
          "modelo": "Range Rover Evoque 2.0 Si4 Diesel",
          "preco": 50.741,
          "ano": 2022
      },
      {
          "id": 9,
          "imagem": "https://extra.globo.com/incoming/13252334-f86-089/w976h550-PROP/agrale_marrua_am_200_14.jpg",
          "marca": "Agrale",
          "modelo": "MARRUÁ 2.8 12V 132cv TDI Diesel",
          "preco": 21.547,
          "ano": 1999
      },
      {
          "id": 10,
          "imagem": "https://m.media-amazon.com/images/I/81gmvyyhSfL._SL1500_.jpg",
          "marca": "AM General",
          "modelo": "Hummer Hard-Top 6.5 4x4 Diesel TB",
          "preco": 469.667,
          "ano": 2000
      },
      {
          "id": 11,
          "imagem": "https://i0.wp.com/treasureislandgroup.com/wp-content/uploads/2021/01/4WD-Off-Road-RC-Hummer-H1-....-PRO-CRAWLER-1.jpg?fit=1114%2C638&ssl=1",
          "marca": "AM General",
          "modelo": "Hummer Wagon 6.5 4x4 Diesel TB",
          "preco": 383.169,
          "ano": 1998
      },
      {
          "id": 12,
          "imagem": "",
          "marca": "",
          "modelo": "",
          "preco": 0,
          "ano": 0
      }
  ],
  "paginacao": [
    {
      "id": 1,
      "body": "some comment",
      "postId": 1
    }
  ],
  "create": {
        "id": 0,
        "imagem": "",
        "marca": "",
        "modelo": "",
        "preco": 0,
        "ano": 0
  }
}